{
  "workflow_id": "workflow_2457588f_1749041689",
  "status": "SUCCESS",
  "duration": 0.609950065612793,
  "tests_executed": 2,
  "tests_passed": 2,
  "tests_failed": 0,
  "peak_memory_mb": 27.5625,
  "git_commit": "c73ce27b2f8d29366d7f109cd0b24e2aadbdd23b",
  "deployment_allowed": true,
  "error_details": null,
  "timestamp": 1749041690.055228
}