{
  "timestamp": 1749011963.62019,
  "test_id": "critical_provider_system",
  "snapshot_type": "pre_test",
  "git_head": "c73ce27b2f8d29366d7f109cd0b24e2aadbdd23b",
  "memory_info": {
    "rss_mb": 27.75,
    "vms_mb": 401279.46875,
    "percent": 0.02117156982421875
  },
  "process_info": {
    "pid": 75131,
    "cpu_percent": 0.0,
    "num_threads": 2
  }
}