{
  "timestamp": 1749011964.1356978,
  "test_id": "critical_memory_system",
  "snapshot_type": "post_test",
  "git_head": "c73ce27b2f8d29366d7f109cd0b24e2aadbdd23b",
  "memory_info": {
    "rss_mb": 74.96875,
    "vms_mb": 402250.609375,
    "percent": 0.057196617126464844
  },
  "process_info": {
    "pid": 75131,
    "cpu_percent": 0.0,
    "num_threads": 4
  }
}