{
  "timestamp": 1749011796.654182,
  "test_id": "critical_provider_system",
  "snapshot_type": "pre_test",
  "git_head": "c73ce27b2f8d29366d7f109cd0b24e2aadbdd23b",
  "memory_info": {
    "rss_mb": 26.109375,
    "vms_mb": 401244.984375,
    "percent": 0.019919872283935547
  },
  "process_info": {
    "pid": 72310,
    "cpu_percent": 0.0,
    "num_threads": 1
  }
}