{
  "timestamp": 1749011964.090976,
  "test_id": "critical_provider_system",
  "snapshot_type": "post_test",
  "git_head": "c73ce27b2f8d29366d7f109cd0b24e2aadbdd23b",
  "memory_info": {
    "rss_mb": 74.765625,
    "vms_mb": 402122.609375,
    "percent": 0.05704164505004883
  },
  "process_info": {
    "pid": 75131,
    "cpu_percent": 0.0,
    "num_threads": 4
  }
}