{
  "timestamp": 1749011964.1623838,
  "test_id": "high_mlacs_orchestrator",
  "snapshot_type": "post_test",
  "git_head": "c73ce27b2f8d29366d7f109cd0b24e2aadbdd23b",
  "memory_info": {
    "rss_mb": 75.0625,
    "vms_mb": 402250.640625,
    "percent": 0.05726814270019531
  },
  "process_info": {
    "pid": 75131,
    "cpu_percent": 0.0,
    "num_threads": 4
  }
}